text,true label,predicted label
"""His present """" chambers """" may be quite humble , but Shiyani has the tiny space very neatly organized and clean . Many people pass him by but do not manage to see him , because the space is partially hidden behind trees , which gives him a relative privacy . """" There are many homeless sleeping around the station , """" Captain Xoli Mbele , from the nearby Johannesburg Central Police station said .""",1,0
"Krueger recently harnessed that creativity to self-publish a book featuring the poems , artwork , photography and short stories of 16 ill or disabled artists from around the world . She hopes the book , which contains some of her own work as well , will show how talented disabled people can be .",1,0
"10:41am - Parents of children who died must get compensation , free medicine must be provided to poor families across UP : Ram Gopal Yadav",1,0
"When some people feel causing problem for some others by breaking into their homes to steal is n't too good , they just result to begging . You now see people without deformities begging , when some people who are disabled work to feed their mouth . You then ask , what type of country is Nigeria ? Even a man who is not lettered would chorus the maxim that two wrongs do n't make a right . The country is n't working out ; and people want to survive anyhow too . They have to eat they will say .",1,0
"We are alarmed to learn of your recently circulated proposals that would eviscerate the Lifeline program and leave many of the most vulnerable people in the country without access to affordable communications . As you are well aware , the Lifeline program provides a modest monthly subsidy of $9.25 to connect low-income Americans to phone and internet services . As broadband prices continue to soar , and affordability continues to suffer , adoption gaps remain . The Lifeline program has proven critical for poor families and people of color who are caught on the wrong side of the digital divide .",1,0
"The former Chelsea star through his foundation gave out toys , bags and clothes to kids in need of a brighter holiday",1,0
"He depicts demonstrations by refugees at the border post , their catastrophic living conditions and the desperate attempt of several hundred to cross a river a few kilometres from the camp to get into Macedonia on 14 March 2016 .",1,0
"Almost apocalyptic in its devastation , the wrath of one of the most powerful storms ever to hit the Atlantic is evidenced in the smashed ruins of Barbuda 's candy-coloured homes , the hopeless faces of residents who have lost everything they own , and the haunted eyes of their children .",1,0
""""""" I and my daughter Monica are excited about providing a space for disabled people to be able to get together and earn fair prices for their work , """" Mr. Rogers said .""",1,0
"Her house now holds the memories and keepsakes of a migrant 's life well lived , selflessly offering her home and love to more than 100 British foster children and making history in the process -- along with her late husband -- - by being the first black couple in the Lambeth Council in South London to be allowed to foster white children .",1,0
"Sheepherding in America has always been an immigrant 's job , too dirty , too cold and too lonely for anyone with options .",1,0
"""He said : """" We need improved security for civilians and aid workers and access to all those in need , but we must also build a bigger humanitarian muscle to provide for the suffering millions .""",1,0
"""She continued , """" I stepped away from hiding behind a fabricated version of myself . I no longer put actions behind my fears and insecurities . I made a choice to redirect my energy to be a catalyst for change . To create a channel for women to become the truest versions of themselves , along with me. """"""",1,0
Valerie Siddiq : My heart goes out to all the deceased and the poor families . May God grant us tolerance for all race and religions .,1,0
""""""" So many of us see the state of our home as some kind of reflection of our self-worth ( even though it 's not ! ) , and a mess can so easily make you feel like a failure . And for those who have mental illnesses , chronic illness , chronic pain , or disabilities , this can be even worse , because when you 're not physically able to do a whole-house clean , it can all seem a little hopeless . """"""",1,0
BUSINESSMAN Norberto Quisumbing Jr . of the Norkis Group of Companies has a challenge for families who can spare some of what they have : why not adopt poor families and help them break the cycle of poverty ?,1,0
"The retailer footwear company on a mission to democratise fashion , design and the latest ideas in footwear and accessories globally , has shown its commitment to Jamaica by again providing shoes for children in need during the Christmas season .",1,0
"On the eve of the World Refugee Day , UNHCR received information about three new shipwrecks in the Mediterranean . It is feared that at least 130 people were dead or missing . Whatever the unpredictable Donald Trump may be doing or undoing , all our religions tell us that it is our sacred duty to give shelter to the homeless and that is what we need to do , discarding the trump cards from hell .",1,0
"It is written in Ecclessiastes in the Bible that ' WOE TO ANY NATION WHERE A SLAVE BECOMES KING ' This typifies the situation in Nigeria since the inception of that country . I weep for my country when I visited home in 2009 and toured my alma mater- ABSU ... the infrastructural decay reduced me to tears . No matter how much OIL is sold in the world market the money will not change the corrupt/ sorry situation in Nigeria . The only thing that will change it is REVOLUTION . I weep for the children , pregnant women , the sick , infirms and the vulnerables who are trapped in this diabolical hole called Nigeria . My advice to Nigerians ... ' GOD WILL NOT DO FOR MAN WHAT MAN CAN DO FOR HIMSELF ' Wake and take your destinies in your hands stop calling on God for simple things you can do , learn from Egypt , Tunisia and Libya experience .",1,0
"Government support to bring the Housing First programme to Wellington will make a real difference for the homeless , says National 's Wellington Central candidate Nicola Willis .",1,0
"Departing from his prepared remarks , Francis shared his experiences of the day earlier with thousands of people gathered for his blessing . He says among the 300 refugees he greeted Saturday on Lesbos was a Syrian widower with two children .",1,0
"This is a new education programme introduced in this district to ensure that each vulnerable girl and boy in this district is educated , protected , respected and valued and grows up to turn the tide of poverty .",1,0
"Haiti has legal protections for the disabled on paper , but the laws are poorly implemented . Disabled Haitians have few opportunities to work and too many youngsters with disabilities languish out of sight at home instead of going to school . Some impoverished parents abandon disabled kids outside state institutions or farm them out as domestic servants .",1,0
If only we had more stories that championed the brilliance of migrant workers perhaps we 'd be able to challenge the silence that permits them to be treated in such a disdainful way .,1,0
"""Mari ? tte Coetzee from Stofberg Family Vineyards ( whose Mia Chenin Blanc 2016 was the garagiste trophy winner at last year 's Michelangelo Awards and the recipient of four Platter 's stars for the Mari ? tte Chenin Blanc 2016 ) , says : """" We can be extremely proud of the current women winemakers in our industry , especially considering most of them are juggling a family along with the long working hours .""",1,0
"Kyle really your a pig , lol youre also very ignorant do nt like over weight women , well have u looked in the mirror recently your FAT , YOU AND YOUR BOSS SHOULD BE SACKED never to return to radio , , how dare you say go for the disabled , your more disabled than the disabled olympians , they have a genuine heart , you do nt have one ,",1,0
""""""" They have made them to become hopeless and now , in """" going to God """" , they have ended up being deceived further and their situation is exploited and the society becomes even worse .""",1,0
"A few of Hong Kong 's mega rich , have also made a more concerted effort to improve the quality of life of those most in need , however the philanthropic approach adopted by the vast majority of them has its limitations . Philanthropy has often created a culture of dependency and has failed to tackle the root causes of social problems . For many organizations , philanthropic investment is viewed as a cost rather than an opportunity .",1,0
"Behind the initiative are Danish national Lars Jorgensen and his American wife Monica , who came to the Philippines as backpacking tourists 27 years ago and were moved by the sight of Manila 's young and homeless .",1,0
"TREVOR HAGAN/WINNIPEG FREE PRESS John Donovan , northern region director of the Addictions Foundation of Manitoba : ? Many of them are feeling pretty hopeless. ?",1,0
"""He said : """" I think we can consider introducing a negligible telecom surcharge to be entirely borne by the initiator of a call . In order to protect the poor and vulnerable amongst us , we could structure it to only take effect after the third minute of talk .""",1,0
"The Global Gender Gap Report 2016 has ranked Pakistan 143 out of 144 countries . This really demonstrates the failure of feminists who are hopeless to break the historical shackles of bondage on women and establish favorable political , educational , economic , and health conditions .",1,0
"American hegemony in industry is history , they simply allowed and even encouraged their prosperity to be exported to low -wage economies , resulting in local unemployed folk living in poverty , unable to pay the electricity bill and keeping themselves from depression and hopelessness by sniffing , snorting , smoking or injecting themselves with opiates .",1,0
t is remiss not to mention here that not all scavenging children come from poor families . Children hailing from affluent families use dumpsites as playgrounds .,1,0
"The drama 's compelling nature derived from a thorough knowledge of its cast , more numerous and improbable than any soap opera 's . The bite came from underlying tragedy : lost wives , lost jobs , pennilessness , homelessness and death . I have never laughed so much as in Soho in the Eighties .",1,0
""""""" It 's the largest humanitarian tragedy of our time , """" Ninette Kelley , the UN high commissioner for refugees ' representative to Lebanon , told the Guardian earlier this month in an interview . """" We do not want the world to forget that people are suffering here . """"""",1,0
"She added that her office has worked relentlessly with the present administration to translate policies into concrete actions for the women , children , the aged , orphans , the disabled , and other vulnerable members of the society . Hajiya Yuguda challenged Nigerians to believe in the immense capacity and capability of the women folk in nation building in order to bring about the much needed positive change the country is yearning for .",1,0
"The measures have kept the migrants living in limbo . The overwhelming majority have not been granted asylum and they lead a tenuous existence , often at the whims of the government .",1,0
""""""" My daughter , who was a physiotherapist , who is now on the other side , realizes how difficult it is being a disabled person . She wishes to change the idea in people 's minds when they look at a disabled person -- their mind is fine , they may be disabled , but they 're normal people and they want to be treated that way . """"""",1,0
"One petition signer , the Reverend Everett Shattuck , 59 , a Church of the Brethren minister from Mill Creek , Indiana , said opening his home to refugees was part of the U.S. tradition of welcoming immigrants .",1,0
"""Nearly 15,000 West African teenagers leave their homes every year to play football in Europe . Few make good on their dreams . Some are lured by corrupt """" agents """" , smuggled across the searing Sahara and discarded in the streets of Europe , resigned to selling fake designer bags as undocumented immigrants . Others are nabbed by academies and feeder teams affiliated with European clubs and often dumped like bad stocks .""",1,0
Camfed would like to see this trend reversed . It would like to see more girls in school . Basic Education Statistics in Tanzania ( BEST 2010 ) show that only 18 percent of girls have completed secondary school education . This is why Camfed supports girls from poor families to obtain secondary education and its efforts have seen many go to university .,1,0
Famously progressive San Francisco has among America 's most eco-friendly public policies and has declared itself a sanctuary to immigrants it considers persecuted by President Donald Trump 's administration .,1,0
""""""" The worst thing was dealt to us , """" he said . """" But at least we 'll get closure . That 's a blessing , in some way ... but I think of those poor families who wo n't . """"""",1,0
"Over the past five years , the company has donated approximately 60,000 pounds of fresh produce for weekly outreach programs and via larger holiday events and Veteran ? s programs that have impacted tens of thousands of New Yorkers in need . Through Easter Seals of New York , Bloom Fresh delivers fresh fruits and vegetables each week to the Bronx Child Development Center to not only provide more healthy nutrients to children during lunch , but also for the children to take home to their families .",1,0
"She said since Bangladeshs main export to the USA is apparel , this industry employs 4 million workers , of which 90 percent are girls from poor families . Their earnings have empowered them . Their contributions now provide better nutritional food , allow siblings to go to schools , and give them a respected voice at home . Their empowerment is also helping reduce poverty , control population growth and increase literacy .",1,0
For ten years a group of women have been stitching love into thousands of knitted blankets and garments to help keep poor families in Eastern Europe warm .,1,0
"Stephanie envisioned a model whereby women in need would be taught a skill such as handcrafts , and be paid a fair trade wage for their efforts . In turn , the women who had experienced hardship and marginalisation would grow to become self-sufficient . With the products then sold in Australia via an online store and a network of retailers , the profits would be reinvested in Seven Women to continue the cycle of empowerment .",1,0
"""In a statement , the UNHCR said it is """" alarmed and concerned """" by Tuesday 's incident and urged the """" public and all those concerned with refugees to continue extending protection and to show empathy for civilians fleeing persecution and violence . """"""",1,0
Hollywood star Leo Di Caprio urges help for reuniting immigrant children with their families,1,0
""""""" We believe in the ability of young women to achieve great things , both for themselves and for Tanzania , """" he added .""",1,0
"""This little girl with her whole life in front of her can not go to school , can not read , can not write . At age seven , she is guilty , of being one of the world 's 60 million refugees in the year 2017 ! The government claims it has implemented """" 15 years free education """" but the reality does not match the words . For pre-school children , where government policies have created a completely privatised sector , normal fees are HK$2,800 per month -- completely out of reach for poor families .""",1,0
"""The rights and needs of hundreds of thousands of older and disabled people are being neglected and their difficulties left to worsen under a hopeless system of social care . But while the King 's Fund report says that older people are faring the worst from the poor state of social care , this ignores the plight of working age disabled people who are facing the double whammy of harsh and inefficient """" welfare reform """" , as well as severe cuts in social care support .""",1,0
News this month that Anglican Care spent $4 million buying a Christchurch site as a hub for vulnerable youths is a fine example of that community-minded approach . In years to come there may be an interesting contrast between a beautifully restored cathedral that is empty much of the time and a youth hub and revamped City Mission that are constantly busy .,1,0
""""""" Some come from poor families and then you find swimming in millions and they lose focus , then they fizz out from football altogether , """" he said , making it clear that to have a Paul Pogba-esque success , one needs to work that much harder and not get influenced easily especially at this age and that too coming from Africa .""",1,0
"Yes , DMC you are very good at adding numbers , I am sure the dead and homeless are really thankful that you have the numbers . But as a government department I do not see any action in preventing , educating , keeping sos supply depots , or indeed any action , apart from the armed forces providing aid and the common man .",1,0
"""In time , when the housing backlog for the low middle- and low-income families will have been significantly whittled down to manageable levels , the government can start looking at ways and means to bring these """" lesser """" Filipinos into the embrace of economic health -- and away from that malady called homelessness .""",1,0
""""""" In particular , the programmes to support blind and disabled golf impress me both as an avid golfer and a passionate believer in the """" power of sport """" , to bring people together and transform lives for the better , """" said Mr Key .""",1,0
We also know that they can benefit by receiving counseling from someone who can help them understand that their feelings are normal and that their situation is not hopeless ; someone who can help them put their situation in perspective and help them communicate with others who could provide support ; someone knowledgeable about resources they can access ; someone who can help them plan for their needs and the needs of their child by developing either a parenting plan or an adoption plan .,1,0
"President Muhammadu Buhari is on a divine mission to rescue the Nigeria from the brink of collapse and hopelessness , Speaker of the House of Representatives , Rt . Hon. Yakubu Dogara has said .",1,0
"""Budding chefs , like """" Fred """" , """" Winston """" and """" Angela """" in the kitchen are either homeless or recently re-housed - and desperately in need of a helping hand to enable them to re-build their shattered lives .""",1,0
"""In a 90-degree view of his constituency , one can see a high rise and a flyover while underneath it , homeless people sleep on pavements . """" As you can see , my constituency is not confined to one socio-economic group , """" he said , adding that apart from water , another major concern for him is to improve the standard of public schools in the area .""",1,0
"The school authorities have taken the perfect procedure , not to obstruct studies . The 300 odd athletes who engage in sports are given the freedom to practice before and after school hours under the watchful eyes of the teachers who are in-charge of sports . The talented athletes who come from poor families are taken care of adequately with contributions from parents and well wishers .",1,0
""""""" We need to grow the economy in a way that we are helping those that are struggling -- families that are going to difficult times , and those that are in vulnerable situations , """" he said .""",1,0
"We have done a great deal of work but the biggest thing we have done is to make the ministry a powerful tool for the protection of women ... Over the last four years , every time somebody comes up with a good idea or proposes an area in which women need help , we have adopted it immediately . We have been doing two things -- policymaking , which also pushes other ministries , and looking at individual cases of suffering . For me , both components are equally important .",1,0
"PIC : James McClean delivers on his incredibly classy promise to young disabled girl <h> James McClean may be one of the most controversial figures in the Premier League but , when push comes to shove , his heart is always in the right place for those in need .",1,0
"If in addition ' miracles ' can be orchestrated then the acceptance and reverence become total . In a country where statistics state that unemployment is about 25 per cent but we know it is more like 70 per cent , where the next meal will come from is unpredictable and on a daily basis time just passes by ; it is not far-fetched for women to become prayer warriors for their children , husbands and siblings and are made to blame whatever is happening not on policies of the government but on the machinations of the devil .",1,0
"In a world of unlimited data , there is little stopping us from providing refugees with this lifesaving connectivity .",1,0
The law stipulated 21 rights of the disabled persons . The disabled persons must get the national identity cards and be listed in the voters roll . Even they will be able to contest in the polls .,1,0
""""""" We shall remember him for the immense contribution he made to the many vulnerable sectors of humanity ? women ? children ? orphans the disabled and refugees . """"""",1,0
"Hundreds of thousand Africans are graduating per year . Different from 1980s and early 1990s when college outpours got immediately absorbed in the labour market , many today are jobless and hopeless .",1,0
"Old BC : As usual , Old GB has it assy-versy . I think there should be more focus on preventing homelessness than curing it . Are there systems for actually going out , picking up the homeless , and placing them where they belong ? Homeless people are n't voluntarily walking into these shelters .",1,0
"While male prisoners in Pakistan also suffer , the female prisoners ' plight is truly worrying . Like male offenders , the majority of female offenders are poor . However , women enter the criminal justice system with a host of unique medical , psychological , and financial problems and needs that distinguish them from male offenders . Addiction , poverty , unemployment , physical and mental illness , physical and sexual abuse , and homelessness trap women in a cycle of hopelessness and crime . In particular , female offenders are often young mothers who face the additional trauma of threatened separation from their children .",1,0
"New Zealand has been getting more comfortable confronting difficult issues in primetime . Last year , Nigel Latta : The Hard Stuff 's exploration of suicide and teenagers ' online lives was a hit . Earlier this year another season of The Undateables , a British show about dating amongst the disabled and those with learning disabilities played at 8.45pm Mondays on TVNZ 2 . And despite the exploitative name , Embarassing Bodies has helped open eyes and minds to the reality of those whose physical form deviates from a societal conception of ' normal ' .",1,0
"""He said that he also stopped in Maiduguri , Nigeria , where he met with people who were torched out of their homes 11 months ago . """" These are the stories we carry with us , """" he underlined . """" The World Humanitarian Summit , is a once in a generation opportunity to set in motion an ambitious and far reaching agenda to change the way that we alleviate , and most importantly that we prevent , the suffering of the world 's most vulnerable people . """"""",1,0
"Maida noted that political issues should not twist women away from matters of development , the important thing is peace , and women must wake up , since they need economic revolution through peaceful means .",1,0
"Xi made the remarks during a tour of the city of Zhangjiakou in northern China 's Hebei Province , where he inspected an impoverished village , visiting and chatting with poor families , discussing how they could shake off poverty .",1,0
"However , this success story is not uncommon . It often happens that people from poor families have more perseverance to fight tooth an nail in business than children of rich parents who are used to get everything they want with ease . People without a strong spirit will quickly break down and drop out from the competition .",1,0
"""Balu , an honest , hard-working labourer , who was injured by army shelling about 1993 leading to partial deafness , had latterly resettled in Tellipalai . While waiting to cross the KKS Rd. , he was killed by a navy vehicle with , as I learn , defective brakes , driven by a man without a heavy vehicle licence . When development fails the most vulnerable and poor , we have lost our way . It is well to remember Tagore in his essay on Nationalism : """" ... speed comes to its end , the engagement loses its meaning and the hungry heart clamours for food , till at last she comes to the lowly reaper reaping his harvest in the sun . """"""",1,0
"""So when journalists and observers tell us that , """" Toronto will never be the same again , """" they are not only wrong , but are extremely unhelpful . Of course Toronto will be just the same again . Not for the poor families of the deceased , not for those struggling with ghastly and perhaps life-changing injuries , but for most of the rest of us . It wo n't change , because it never does .""",1,0
""""""" We know Uber partners with an extensive network of drivers , and Plunket nurses support some of our most vulnerable families . Working together , we can make it simple for people to help out and make a difference , """" Jarvie says .""",1,0
""""""" Africa Rights Initiatives International has brought smiles on the faces of many , especially , crippled/ disabled who received crutches , the poor sighted who received glasses and medications , the poor who received clothing , the 1,225people who received free health insurance coverage and the general public that received free medical care and above all , the financial support for the Anti Snake Venom ( ASV ) to save the life of the poor woman in Kporibayiri , and referral of the poor boy who died on the way to the hospital . Your Midwives also conducted great deliveries during your visit . Only God knows what would have happened as the only Midwife for the Sub-district was still on her annual leave """" He said .""",1,0
The Minister said a society 's measure of its humanity is how it treats its weakest and most vulnerable members .,1,0
""""""" Let us make this occasion more meaningful by offering aid to others , especially to those in need . Let us pray for the welfare and safety of our countrymen and for lasting peace in our nation so that we can all work together in harmony towards real change , """" he said .""",1,0
"He said the victims who are currently rendered homeless can now be relieved of troubles as the 5,000 iron sheets from Mwanza had arrived , with 1,200 already distributed to victims in Bukoba Municipality .",1,0
"Kasun may not be a superhero or a super genius but he is a great human being who has overcome challenges and hardships of life without even having the full functional capability of his body . His courage and dedication may one day take him to high places in life but above all , for those who are feeling useless and hopeless even though they have fully functional limbs , Kasun 's story is going to be a lesson .",1,0
"""Calling for an immediate political solution to resolve the crisis in Syria , Erdogan said : """" Turkey 's incursion into northern Syria in early September had led to establishing peace , balance and stability in a region taken over by hopelessness """" .""",1,0
""""""" I have a lot of sympathy for folks who are in need in the city , """" Mr Edmonds-Waters said . """" This has become an extremely expensive city to live in . The divide between those who have and those who do n't is ridiculously ginormous . """"""",1,0
"Bus driver Cathal Carroll asks if I 've heard the news this morning . I have n't . Four thousand souls have just been rescued from the waters of the Mediterranean , he says . All of them African refugees . All fleeing hunger and persecution in their native lands . What do I think about that ?",1,0
"KOLKATA : Sourav Kaibartya , a fisherman 's son who scored 94.2% in his higher secondary examination this year got entry into NIT Durgapur for engineering course . The boy was at a loss as to who will fund his education . That is when a corporate house came into his rescue . Thirty-seven students like him from West Bengal meritorious but from poor families will now get to continue their studies with an initiative from Magma Fincorp Ltd .",1,0
"As exemplified by the teenager , let us all be kind to one another and help those in need without discriminating against one another based on race or religion .",1,0
""""""" I expect more resources in the hands of people in need and the humanitarian workers on the frontline ( who ) are risking their lives to help them , and I expect less to be spent in the back room in transactions that do not help us get help to the people , """" she said .""",1,0
"The indigenous Palestinians see themselves abandoned by the powerful nations of the UN . In sheer hopelessness and a sense of dehumization they are , regrettably , now resorting to nihilistic activities trying to harm Israeli Jews and getting killed every day by the trigger happy Israelis - civilians and security forces alike . It is a sad development in a region that has cried for justice for too long -- almost 70 years - only to be ignored and severely punished for their noncompliance to the Zionist dream of Eretz Israel .",1,0
Real poverty of Britain : Shocking images of UK in the Sixties where poor really meant poor <h> THESE hard-hitting photographs offer a glimpse into the harrowing day-to-day for poor families living in Britain during the Sixties .,1,0
"IdeaRaya spokesman Maryam Ramli Lee in an interview with Malay Mail Online , September 10 , 2015 . For human rights , Idearaya is shining a spotlight on marginalised communities such as refugees and migrant workers , while its focus for philosophy this year would be on educating children to express themselves philosophically .",1,0
The Eastridge Christian School in Bramley gathered at their local park to hand over much-needed food parcels to the homeless on 7 March .,1,0
"""Our country is in need of serious change . We can continue to celebrate women 's day , throw massive budgets at events , give out goody bags with a cute lipsticks and celebrate female achievers once a year . This is without taking away from exceptional women who truly are making inroads into their environments but we are not just a cute lipstick , or pair of shoes , we are not just pretty and soft and squishy . We are not just child bearers , and there for procreation . So , why are we as women , so accepting of the placating and mollification thrown at us and overlook the inequalities through acceptance . I am by no means militant , but often , as even in politics , focus is shifted on true issues by drawing public attention to other """" things """" in order for us to be distracted . By shifting our focus from relevant issues we forget why we were disgruntled and angry and nothing ever changes .""",1,0
"The World Health Organization did not give a reason for the increase in deaths , but a provincial health official in Sindh said that the disease hit areas where poor families did not vaccinate their children .",1,0
"Canada has managed to accept immigrants , yet it keeps its citizens happy at the same time . In fact , the only populist revolution was pro-immigrant ! It can all be managed , in a humane way ; feeling the pain of those who have left their homes in search of peace or prosperity .",1,0
It is miserable being poor and homeless in an affluent nation where one 's worth is measured by what one can afford to buy . Even those in the middle class with good and steady jobs struggle to keep their lifestyle .,1,0
"Some years later the daughter 's marriage broke up . She had two children by then and needed money urgently . The father dipped into his savings and was eventually compelled to move into this home . His daughter has put in the papers for him to join her in Australia and he is hopeful of joining her soon . That day for him will be a joyful escape from the surrounding air of defeat , dejection and hopelessness .",1,0
"This year alone the B.S.I has been able to share with the kids of Rescue Dada Centre , a home that rescues girls from the streets and gives them an opportunity to better themselves in life . They also got to visit kids from Kijiji in Langata who were left homeless after a fire consumed their homes .",1,0
""""""" These poor ladies are definitely going through some traumatic issues right now , and I am asking that they come forward so that I help them ? together with women parliamentarians - to be able to heal .""",1,0
"ICCCAD remains a strong advocate of local initiatives and supports the concept of Community Based Adaptation ( CBA ) . Solutions developed at the local level have the best chance of being successful since it is the poorest living in areas prone to storms , floods , and droughts who are most vulnerable and best understand what needs to be done . This approach seeks to give these communities a voice since it is powerlessness as much as location that makes these communities vulnerable to climate change .",1,0
"""After the satisfying evening , Manny Osme ? a left us pondering on his quote , """" Money is pressure until it is used to help people in need . """"""",1,0
"To meet the need , villagers from Gairo district in Morogoro region have a reason to smile after the Campaign for Female Education ( Camfed ) Tanzania has introduced a new programme to support vulnerable girls and boys from poor families to access best education from primary to tertiary level that will help them to break the poverty cycle for themselves and their communities .",1,0
"Watching poor families in England writhe in pain over this deep wound , we , as residents of this former slave plantation island , can commiserate with their distress .",1,0
"Instead of restaurants and malls , they go into the nooks and crannies of the capital , approaching every homeless person they meet to offer them a new lease on life .",1,0
He said their efforts should not stop only at creating many graduates but also extended to students from poor families so that they could break away from the cycle of poverty .,1,0
I only wish they can one day wake up to relise that they were blessed to be born in such influential families to help people in need . They can use their influence to bring better changed in other peoples life .,1,0
"""With a mission to """" strive every day to create a safe haven where homeless women and children find stability and access to the basic needs of life """" , the Elfreeda Foundation launched its open shelter on the 11th of August 2017 . In attendance were dignitaries such as : the wife of the vice president of Nigeria , Her Excellency Dolapo Osinbajo ; the governor of Imo State , His Excellency Owelle Anayo Rochas Okorocha ( OON ) ; wife of the governor of Imo State , Nneoma Nkechi Rochas Okorocha ; wife of the governor of Enugu state , Monica Ugwuanyi ; the chief of staff of the Imo State Government , Honorable Uche Nwosu ; publisher of Genevieve Magazine , Betty Irabor amongst others .""",1,0
"That is the big picture , the one conveyed in official reports and government documents . But for the people who live on the ground in the province , it does not begin to portray the hopelessness , the everyday obstacles , the decay .",1,0
"According to her , she established Royal Seed home to bring up a needy or homeless child to become a great person in future .",1,0
""""""" We are taking a community that is fairly vulnerable and bringing them to a level where they are empowered . """" <h> VICTORIA KIOKO""",1,0
"Many celebrities wore blue ribbons to support the American Civil Liberties Union , which is seeking to shed light on the plight of young immigrants facing the potential of being deported .",1,0
"Michael Gove 's recent suggestion that inadequate financial management skills among poor families are to blame for the increasing demand on food banks has , unsurprisingly , sparked an angry response . Critics feel the Conservative Party is out of touch with the pressures on ordinary families .",1,0
"""Emmanuelle Riva in """" Amour , """" as a woman in her 80s whose mind and body deteriorate after a series of strokes , is even frailer , more vulnerable , and quite defenseless . The first time we saw Riva , in """" Hiroshima Mon Amour , """" we were struck by her sensual , yet patrician face . Now the sensuality is gone , but the dignity of that countenance remains .""",1,0
"He stayed true to his promise , and at the opening day of the restaurant , he brought a lot of homeless from the park to give them full respect and food .",1,0
""""""" Boarding schools should be for those coming from poor families who when admitted to boarding secondary schools would be assured of their meals provided by schools , """" she said .""",1,0
"KARACHI - On the eve of International Women 's Day , Pakistan People 's Party Chairman Bilawal Bhutto Zardari has announced that his party 's Women Wing will organise Karwan-e-Benazir rallies in all the provincial capitals and in Azad Jammu &amp; Kashmir , Gilgit-Baltistan and Fata to celebrate the day and PPP 's achievements for empowerment of women in the country .",1,0
"Cheung said 20 disabled undergraduate students from seven universities will start their eight-week internship in government departments this month , receiving the same salaries as able-bodied colleagues of HK$9,600 a month .",1,0
She urged members of the public to always be willing stretch a hand of support to persons in need within the society .,1,0
"""In Dublin , the Church of Ireland Archbishop Dr Michael Jackson reflected on the year drawing to a close and recalled the """" horrific conflagration at the halting site in Carrickmines """" and the death of Garda Tony Golden in Omeath , as well as the """" refugees fleeing from Syria """" and other parts of the Middle East and the """" forgotten peoples of Africa """" .""",1,0
Charity plans to forgo parking so homeless can have gym and medical centre,1,0
""""""" Nigeria 's tertiary education system is still elitist . We do n't make allowance for poor families , families that have not yet produced a university graduate . How do these people assess the university education ?""",1,0
"President Akufo-Addo noted that despite democracy gaining roots on the Continent , and the positive economic strides , there were justifiably pressing demands to address issues of widespread unemployment and the sense of hopelessness in the future , that compels large numbers of Africa 's youth to travel across the Sahara Desert and traverse perilous oceans in search of a better life in the developed world .",1,0
"These latest gifts are from parents at a local home daycare who pooled together their own money and resources to help Raijene Mallory even more . Art Randolph did the heavy lifting , bringing in package after package to the once homeless family 's new northside apartment . Each wrapped gift and crate carrying necessities , clothing and toys coming from a group of compassionate mothers to another in need .",1,0
I now know why Mike Redmond is proposing a school lunch program . This news about 1/4 of all kids coming from poor families with not much food is an embarrassment . And Ghiz throws our tax dollars at his construction buddies &amp; immigrant investment at his political buddies . And then Ghiz and Myers and their good ol ' boy supporters decry a proposed program like free school lunches as a type of socialist conspiracy .... I 'd like every one of them to experience real hunger for a week in the winter and see if they 'd sing a different tune afterward . Ghazal and Myers and the blue blood wannabes of PEI have no clue .,1,0
"""Yangon , Myanmar , September 29 , 2017 -- Sanna Johnson , IRC 's Regional Director said : """" Whether forced to flee to neighbouring Bangladesh or stuck in northern Myanmar , cut off from essential services and lifesaving aid , Rohingya refugees have no safe place to call home . Today 's reported drownings are a tragic reminder of this desperation . As the largest health care provider in Rakhine State , the IRC is deeply alarmed by conditions on both sides of the border and calls for immediate access to reach those communities in need . """"""",1,0
"In the space of a week , four beautiful young women gave up their lives voluntarily over reasons ranging from a love affair to depression to unemployment . All were educated and from reasonably good families . And these are just some of the reports that media covered . Looked at dispassionately and from a distance , none of their problems seem insurmountable . What a waste of young , beautiful lives !",1,0
"Many refugees do n't want to be resettled anywhere , let alone in the US .",1,0
"""Shelter chief executive Polly Neate said , """" It 's disgraceful that even when families are working every hour they can , they 're forced to live through homelessness . """"""",1,0
Marcos said the government should help poor families that try every possible means to survive . With Joel Zurbano <h> More from this Category :,0,1
""""""" I voted twice before , but now I do n't have that drive anymore . Right now I feel hopeless , """" said Blessed . """" The two major political parties have me feeling like an old man grasping for a little air , and no matter what I do , none of them can assist me by giving me a little air . They are hopeless . The country is doomed . """"""",0,1
"""As she descended into a state of hopelessness , she decided to do """" one hopeful thing """" . She bought a Golden Retriever puppy called Bunker . Little did she know how much solace he would provide ...""",0,1
The Jali family in Brown 's Farm was elated as the City of Cape Town donated wheelchairs to their disabled members .,0,1
"After the brutal death of the founding father of the country , Sheikh Mujibur Rahman , along with four other national leaders in 1975 , many thought the country had lost all hope for leadership . In this hopeless situation , military dictators were pushed forward to take over the leadership .",0,1
A homeless couple is seen by the roadside along Jalan Tuanku Abdul Rahman . -- Picture by Choo Choy May,0,1
"As leaders , we will personally support victims but we ask the government to also help . We are going to clear all victims ' hospital bills and we want to ensure that those left homeless receive shelter .",0,1
""""""" The fact is that ruthless smugglers are preying on desperate migrants and refugees with no regard at all for human dignity , """" said Michele Sison , the US Deputy Ambassador to the UN .""",0,1
His friends at the Chevron want people to know he was n't just a faceless homeless person . He was their friend and their family .,0,1
"Dacawi practically pioneered the concept of civic or community journalism in the city by writing on the plight of indigent patients , other people in need and worthwhile causes that moved people to respond .",0,1
Everything is not okay and our sources say Nimbuzz is highly vulnerable to attacks and even a person with some basic knowledge of using Scripts ( Copy and Paste ) to XML Console can play around with the app as he likes.These hacks Ranges from very simple to Complex attacks on users who join the Chat Rooms .,0,1
"""I am shocked , disgusted and dismayed at yet another police incident that is being mishandled . How many poor families have had their loved ones senselessly perish at the hands of highly paid , supposedly """" professional """" police officers and have had to fight against an unjust system that allows these officers to literally get away with murder unpunished. ?""",1,0
""""""" Your personal leadership has been critical to addressing the plight of the Rohingya who fled to safety in your country . I thank you for all you have done to assist these men , women and children in need , """" he wrote in the message .""",0,1
Approve name-change or face ' hopelessness ' : Macedonia PM,0,1
The United Methodist Church where undocumented immigrant Rosa Sabido lives in sanctuary while facing deportation is seen in Mancos . Reuters,0,1
"The neighbouring Baringo South , Baringo North and Mogotio sub-counties have not been spared either , with many people in need of food .",0,1
""""""" There are hundreds of charities across this country which provide excellent services to vulnerable people and we must ensure that these organisations are protected . The scandal at Console risks damaging their reputations , as well as that of the charity sector as a whole .""",0,1
"CIBC World Markets upgraded Genworth MI Canada Inc. to the equivalent of a buy rating Monday , saying the stock was poised to go higher despite fears the company is vulnerable to a housing correction .",0,1
"A massive cleanup and awareness drive was conducted jointly by the LWMC and the Bahria University , Lahore Campus in different localities of Johar Town . The purpose of the drive was to improve state of cleanliness and sensitise poor families to hygienic conditions .",1,0
"But if the Supreme Court gives a favorable decision for the president , his immigration program would immediately take effect , changing the lives of eligible Filipino families and other immigrants .",1,0
"""Black grew up in the neighbourhood around the church , where he would eat Franklin 's cooking at lavish meals she provided for the community and the homeless each Thanksgiving and Christmas . """" She made the best oxtail soup , with that cornbread , and it was to die for , """" he recalled . """" It would be so much food that you would n't know what to do . """"""",0,1
"It is also good news for women 's issues , which are in desperate need of a woman 's touch . As much work as the ANC has done thus far , we have a long way to go in this and in many other regards .",1,0
""""""" I always consider this job as a gift , being a nurse is a reward and task given by God to help those who are in need . Seeing your patient recover from an illness , watching their families smile when you give them care , and hearing the first cry of a newborn are just some of the things that make my work special . It might be a heavy work but it can lighten your heart , """" she expressed .""",0,1
""""""" A vagrant even told me that he did not want to return to the streets ever again because of my movie . I mean , how much money can you pay to get a homeless person back on the right track ? """"""",1,0
"""While the scale of waste is astonishing in the Western world , the plight of the poor families in the UK being """" literally """" forced to rely on food banks than those suffering in African villages and refugee camps , is a sad story . But it is a true story .""",1,0
"""The """" Elimu Ni Sasa """" programme has caused sensation in Kwale villages as poor families are able to send their children to national schools and universities , which used to be out of rich for many .""",0,1
"Yao , the chairman , said the foundation has focused on better education and improving health conditions for vulnerable , underprivileged children across the mainland for the past decade .",0,1
"Additionally , Bishop Kussala urged Catholics to pray for the country 's clergy , especially the dioceses still in need of bishops .",0,1
""""""" In Libya , the policeman is a smuggler , and the smuggler is a policeman . """" -- Eritrean refugee""",0,1
As many as 85 of the 122 polling centres are considered vulnerable in Manirampur,0,1
"Speaking in Garissa on Sunday when he hosted officials from Qatar Charity who are financing a programme to assist two orphanages in the county , Korane said vulnerable children stand equal chances of becoming useful members of society if given good upbringing and education .",1,0
""""""" We constantly have to face people squashing those two things together -- women , children , and real people in need , who get lumped in with armed conflict and militia groups and pirates , """" she said .""",0,1
"Jesus begins his teaching in Matthew with the Sermon on the Mount . One group he blesses is those in need of comfort , Blessed are they who mourn , for they will be comforted ( Mt 5:4 ) .",0,1
"The vast majority of girls and women caught in the exploitative global sex trade are not victims of kidnapping , like the Nigerian 276 abducted by Boko Haram , but rather of poverty . Human traffickers prey on poor families who do n't have access to education and are n't aware of their basic rights . Mired in grinding poverty , parents desperately take out loans on conditions they do n't understand , pledging their children on their debts .",1,0
""""""" Jesus is the Master Feminist because he championed the cause of women , """" she said .""",1,0
""""""" I became withdrawn and did not want to interact with anyone , """" she admits . Crying spells , and feelings of helplessness , hopeless , and worthlessness were the order of the day .""",0,1
Many poor families of Ahmedabad move base to Uttar Pradesh and Delhi for several months .,0,1
' The problem with this place is that there is a lot of vulnerable people here and they get the wrong kind of help .,1,0
"NEW DELHI : Activists and medical professionals have lauded the government 's move to increase the ambit of the disabled list to offer benefits to acid attack survivors , those suffering from chronic neurological conditions , and haemophilia and sickle cell anaemia patients . This , they said , will help in integrating them into society .",1,0
"The men and women of the Sergeantsville Fire Company and our many friends and neighbors -- we can not thank you enough for your generous donations with regards to the repast after the funeral . In particular , we thank the Colalillo family ( ShopRite ) , Marinelli family ( Maria Rosa ) , and Phillips Fine Wines for their donations of food and drink .",0,1
"""My conclusion is that ours is a country and a world that has turned hope into a commodity and created ruthless """" hopereneurs """" ( hope entrepreneurs ) who will do anything to exploit hopelessness for their own enrichment .""",0,1
"This letter also might encourage other people . If they see someone struggling just go over and help . It can really make that elderly , disabled or troubled person 's day !",1,0
"CAPE TOWN , SOUTH AFRICA : At Cape Town 's Nazareth House , a care home for dozens of vulnerable , disabled and orphaned children , feeding time is executed with military precision .",0,1
"For many poor families , the college is a very important institution providing their children with the education crucial to break the poverty cycle .",1,0
"More than 600,000 Rohingya are languishing in Bangladeshi refugee camps after fleeing a brutal Myanmar army campaign launched in late Aug .",0,1
"Mugabe is a terrible , ruthless and hopeless dictatorial President , but he is NO fool ! ....",0,1
"""More than once , a mentally ill homeless person showed up at the front door of the building , insisting that they either lived there or wanted to rent an apartment . The historic district of Rockville was a """" nice """" part of town in which you almost never saw people living on the street , so it was even stranger .""",0,1
"As well as a resource centre that provides employment help , medical care and other vital advice , the charity runs hostels for the most vulnerable of homeless people who are otherwise sleeping on the streets .",0,1
"The backdrop to the year has been William , Kate and Harry 's mental health campaign , Heads Together , which has encouraged people to speak about their problems or be a sympathetic ear for others in need .",0,1
"""Winfrey 's school is an attempt to wield philanthropy and celebrity against South Africa 's social and educational crises . High-achieving students from poor families were admitted after a rigorous application process in which Winfrey was deeply involved , and she has visited regularly to counsel her girls . She held a last , late-night """" pajama party """" with the graduates Friday .""",1,0
""""""" The boxing community is wonderful at helping those in need , today is a prime example .""",0,1
"Christmas is celebration of the birth of not merely a child , but a child who changed the destiny of humans forever . It is celebration of the fact that God wanted to be a part of the human race and so he took on flesh and blood and became human like us . We can also show unconditional love through our good deeds and helping those who are in need of our help and care . Be human and merciful .",0,1
"While some said they were just out to hang out with their friends of like persuasion , this was no social gathering for others ; it was a place of work . For some of these male prostitutes , the ' clients ' they picked up on this corner were their only means of survival , and the streets , in some cases , a home for the homeless among them .",1,0
"Speaking at the event , which was part of activities marking the 58th Independence anniversary of Nigeria and 22 years of the State 's creation , Umahi noted that the vision of caring for the widows , the elderly and vulnerable was a divine assignment bestowed on",1,0
""""""" There was concern about the level of unemployment in the area and also poverty . We 've seen in other projects , as soon as poverty ... or a feeling of desperation or hopelessness appears in a community , people start drinking more , """" Olivier said .""",0,1
"Bond went out of his way to help the less fortunate , often going on the road with Kim to take food to the homeless .",1,0
"""She added : """" I am really happy with the awards , but I just want to help those in need . """"""",0,1
"This poignant ad boils everything down to the bones . An X-ray is the great leveller and the ad shows different types of love between people : heterosexual , homosexual , young , old , able , disabled , friends , family , and all castes and creeds . For diversity and inclusion , this ad nails it .",0,1
Jamaicans are deemed to be among the most violent persons on planet Earth . Some argue that it has to do with our legacy of slavery which in itself was an act of extreme violence . Some even posit that it may well be that we have too much sugar in our blood ; while others point to the socio-economic conditions that the majority of black Jamaicans have to live under which have led them to a point of hopelessness and anger .,1,0
"None of it is traditional or timeless or built into the religion . Indian culture or economics or poverty are n't causing it , but it is having a dire effect on them . It has arisen and become a faith unto itself . It is unrelated , in any important way , to the wider culture - but it has choked back social and economic progress , preventing poor families from becoming more prosperous .",0,1
"""In his final year as president , Mr S R Nathan - together with a few of his close friends - started discussing with me the idea of starting a philanthropic fund to help """" uplift """" children from poor families .""",1,0
Students from poor families have to pass a competitive test to get into Super 30 and then commit themselves to a year of 16-hour daily study routine .,0,1
"For those in need of the perfect sweater-weather companion , look no further . These food choices are sure to hit the spot -- all lined up at Robinsons Galleria Cebu :",0,1
"Pham Minh Hoang , a mathematics professor and occasional blogger , was n't tried and jailed . Instead he was stripped of his Vietnamese citizenship and exiled to France . Now , his family is split up ; his wife and disabled brother-in-law are trapped in Vietnam and Hoang in France with his daughter .",0,1
"Alcohol and substance abuse can be interpreted as a negative stress coping action . For drugs to be attractive to a soldier there must be some underling unhappiness , sense of hopelessness or physical pain .. Alcohol was often abused to self medicate anxiety , depression , irritability and sleep disorders .",0,1
PML and nawaz sharif are hopeless .,0,1
Even for a government hopelessly disconnected from reality and contemptuous of the media and the people it serves ? it is astounding that the presidency has not bothered to issue a statement of denial about the Russian involvement in President Jacob Zuma 's cabinet reshuffle last week .,0,1
"Many donors prefer to remain anonymous , having found a more solid satisfaction comes from knowing what they are doing is truly helping those in need , than is derived from others ' praise .",1,0
"Columns <h> Poor , pregnant and homeless",0,1
""""""" Today 's decision upholds and affirms America 's proud history in providing refuge for the world 's most vulnerable . Refugees are fleeing violence and persecution and want nothing more than to live a safe and peaceful life .""",1,0
"In June , several NGOs decided to reduce food wastage during the Ramadan period by trimming down the portions served to the homeless .",0,1
The decision to remove the word ' vulnerable ' from the Ministry for Vulnerable Children could well mark a whole shift in approach to the care of children in need .,0,1
"From mother ( played by Bollywood actress Seema Biswas of Bandit Queen fame ) who rejected him and a society that offered no respite , Siva was , in a nutshell , a hopeless street vagabond .",1,0
""""""" This is a wonderful cause to be part of , and we are deeply impressed by Deputy Minister Manamela and the effort he puts in to raise awareness of this previously unspoken issue , """" says Old Mutual Head of Brand Karen Thomas . """" At Old Mutual we always encourage people to do things for ' more than yourself ' , and at this year 's Om die Dam deputy minister Manamela is leading the way and setting an example that committing oneself to run can make such an enormous difference to so many in need . """"""",1,0
"In his a New Year message , stated that President Akufo-Addo led government brought economic hardship and hopelessness to Ghanaians in 2017 year under review hence encouraged that the hope is still not lost as the NDC being the social democratic party will come back to power in 2021 to restore the lost hope .",0,1
""""""" In addition , the Members of Parliament will visit two projects that focus on the inclusion of street children and victims of acid attacks to demonstrate their solidarity with those vulnerable groups in need of support . Finally , on April 29 the delegation will brief the journalists on the outcome of the visit at a press conference . """"""",1,0
"@A Pakistani What have you done for Pakistan ? Other than posting dejection , hopelessness and seeing the glass totally empty .",0,1
""""""" The Taliban hold me completely vulnerable at this point , """" he said . """" It 's terrifying to go into work every day with that looming over you . """"""",0,1
"It is seen in recurring violence and continuing degradation of women through stone-age practices such as FGM . It is seen in the thousands of Africans risking death in the seas to escape the hopelessness in their countries . It is seen in the ' cult of the Green Card , ' which I define as a maniacal ambition to live in America or Europe .",1,0
"The U.S. government , the United Nations , and NGOs should continue to monitor the treatment of Yazidis , Christians , and other vulnerable indigenous peoples in northern Iraq 's disputed territories . Those who exploit these vulnerable peoples should be held accountable .",0,1
"After a tragic event during his previous life as an FBI agent , Sawyer lost half a leg and developed an aversion to guns . So instead of the usual muscle-bound , wise-cracking , gun-toting cliche he 's often played , here he 's a vulnerable , disabled family man caught up in a twisted extortion plot .",1,0
"""These are honest questions that are in need of answers from the only people who can answer them -- the government . We hope that honest answers will be forthcoming in the days to come . We hope that the declaration """" Rakyat didahulukan , Pencapaian diutamakan """" ( People first , Performance now ) is more than an empty slogan when it comes to Pengerang .""",0,1
""""""" It 's time . I 'm moving forward . I will dismantle the hopeless , evil edifice of organized religion and smile at the remains . """"""",0,1
"Durban - An orphan from Malawi , who was found guilty of being in South Africa illegally , had his conviction overturned and authorities would now probe his personal circumstances and establish if he was in need of care .",0,1
"""The online response was so overwhelming that Mr Marriott decided to repeat the deed for others in need , and established a fair system to pick a """" winner """" .""",0,1
""""""" Damn you ! """" we all screamed , even the formerly reluctant . """" You cursed failure ! You hopeless fool ! You are nothing without us ! """"""",0,1
A spokeswoman for Tauranga Women 's Refuge ( TWR ) said it supported the calls for the city needing a women 's shelter .,0,1
"BRITAIN 'S protracted campaign of budget cutting , started in 2010 by a government led by the Conservative Party , has delivered a monumental shift in British life . A wave of austerity has yielded a country that has grown accustomed to living with less , even as many measures of social well-being - crime rates , opioid addiction , infant mortality , childhood poverty and homelessness - point to a deteriorating quality of life .",0,1
"""It is a classic example -- one of 65 proposals selected from 500 applications -- of the foundation 's goal of encouraging """" innovations in the areas where there is less profit opportunity but where the impact for those in need is very high . """"""",0,1
"Fool me once shame on you , fool me twice shame on me ... never again will i buy another proton . I bought a CBU C-segment and never been happier . I 'd rather buy outside of Malaysia than to support this hopeless company of cheaters and liars .",0,1
"Viral photo helping fund homeless kid , his dog",0,1
"Rather sad . Good set of pictures that tells a tale of survival , subsistence living , and hopeless nature of life in the tribal societies . Exploiting an unexpected geo-political bonanza is a temporary relief that is not sustainable . Education and economic development seem miles away .",1,0
""""""" This new project will see an active engagement with the community to help improve the lives of vulnerable children and their families . """" <h> ' Enlightened local authorities '""",0,1
Veterans left on scrapheap : The homeless plight of former servicemen and women,1,0
"Psychology demonstrates that people prefer making their own choices rather than having them externally determined . This leads to feelings of control over one 's fate , instead of the hopelessness and helplessness you feel when someone else chooses for you . <h> Paralysed by choice",0,1
"A top health official said today that the government could consider subsidies to help poor families pay for healthy food -- or imposing taxes on unhealthy products -- if other efforts fail to encourage better eating habits among Hong Kong residents . Dr Regina Ching from the Health Department said such moves could be explored as a way to cut levels of chronic illnesses in the city , such ...",1,0
The conflict has also pushed the Arab world 's poorest country to the brink of famine and left 82% of the population in need of humanitarian assistance .,0,1
"The Saudi Press Agency , reported that the Second Guardian of the Holy City , namely , Raja Salman , had ordered a payment of SR 1 million ( RM1.14 million ) to the families of those killed , SR 1 million to those permanently disabled and SR 500,000 to an injured victim .",0,1
